Operation,Run,Time (seconds)
Decode,0,3.41ms
Decode,1,5.62ms
Decode,2,5.42ms
Decode,3,5.02ms
Decode,4,4.58ms
Decode,5,4.63ms
Decode,6,4.27ms
Decode,7,4.05ms
Decode,8,4.11ms
Decode,9,3.90ms
Decode,10,3.92ms
Decode,11,3.60ms
Decode,12,3.50ms
Decode,13,3.84ms
Decode,14,3.61ms
Decode,15,3.37ms
Decode,16,3.22ms
Decode,17,4.17ms
Decode,18,3.39ms
Decode,19,3.39ms
Decode,20,3.88ms
Decode,21,3.47ms
Decode,22,3.42ms
Decode,23,3.30ms
Decode,24,3.22ms
Decode,25,3.25ms
Decode,26,3.25ms
Decode,27,3.21ms
Decode,28,3.58ms
Decode,29,3.42ms
Decode,30,3.57ms
Decode,31,3.43ms
Decode,32,3.42ms
Decode,33,3.23ms
Decode,34,3.73ms
Decode,35,3.30ms
Decode,36,3.21ms
Decode,37,3.89ms
Decode,38,3.45ms
Decode,39,3.61ms
Decode,40,3.70ms
Decode,41,4.02ms
Decode,42,3.36ms
Decode,43,3.41ms
Decode,44,3.25ms
Decode,45,3.37ms
Decode,46,3.39ms
Decode,47,3.35ms
Decode,48,3.63ms
Decode,49,3.29ms
Decode,50,3.52ms
Decode,51,3.33ms
Decode,52,3.48ms
Decode,53,3.25ms
Decode,54,3.12ms
Decode,55,4.12ms
Decode,56,3.75ms
Decode,57,3.40ms
Decode,58,3.29ms
Decode,59,3.32ms
Decode,60,3.13ms
Decode,61,3.79ms
Decode,62,3.48ms
Decode,63,3.86ms
Decode,64,3.74ms
Decode,65,3.64ms
Decode,66,3.51ms
Decode,67,3.35ms
Decode,68,3.26ms
Decode,69,3.46ms
Decode,70,3.35ms
Decode,71,3.26ms
Decode,72,3.58ms
Decode,73,3.42ms
Decode,74,3.95ms
Decode,75,3.81ms
Decode,76,3.41ms
Decode,77,3.60ms
Decode,78,3.30ms
Decode,79,3.46ms
Decode,80,3.71ms
Decode,81,3.19ms
Decode,82,3.25ms
Decode,83,3.73ms
Decode,84,3.26ms
Decode,85,3.64ms
Decode,86,3.40ms
Decode,87,3.56ms
Decode,88,4.09ms
Decode,89,3.39ms
Decode,90,3.67ms
Decode,91,3.73ms
Decode,92,3.18ms
Decode,93,3.26ms
Decode,94,3.27ms
Decode,95,3.37ms
Decode,96,3.37ms
Decode,97,3.43ms
Decode,98,3.65ms
Decode,99,3.62ms
Decode,100,3.49ms
Decode,101,3.91ms
Decode,102,3.49ms
Decode,103,3.64ms
Decode,104,3.83ms
Decode,105,3.43ms
Decode,106,4.30ms
Decode,107,3.54ms
Decode,108,3.53ms
Decode,109,3.52ms
Decode,110,3.33ms
Decode,111,3.27ms
Decode,112,3.36ms
Decode,113,3.33ms
Decode,114,3.24ms
Decode,115,3.34ms
Decode,116,3.26ms
Decode,117,3.46ms
Decode,118,3.80ms
Decode,119,3.37ms
Decode,120,3.65ms
Decode,121,3.77ms
Decode,122,3.65ms
Decode,123,3.55ms
Decode,124,3.21ms
Decode,125,4.06ms
Decode,126,3.39ms
Decode,127,3.76ms
Decode,128,3.37ms
Decode,129,3.45ms
Decode,130,3.22ms
Decode,131,3.74ms
Decode,132,3.37ms
Decode,133,3.72ms
Decode,134,3.48ms
Decode,135,3.23ms
Decode,136,3.18ms
Decode,137,3.54ms
Decode,138,3.33ms
Decode,139,3.59ms
Decode,140,3.53ms
Decode,141,3.73ms
Decode,142,3.33ms
Decode,143,3.40ms
Decode,144,3.22ms
Decode,145,3.60ms
Decode,146,3.24ms
Decode,147,3.83ms
Decode,148,3.22ms
Decode,149,3.61ms
Decode,150,3.44ms
Decode,151,3.56ms
Decode,152,3.52ms
Decode,153,3.71ms
Decode,154,3.27ms
Decode,155,3.79ms
Decode,156,3.31ms
Decode,157,3.46ms
Decode,158,3.42ms
Decode,159,3.61ms
Decode,160,3.33ms
Decode,161,3.69ms
Decode,162,3.30ms
Decode,163,3.81ms
Decode,164,3.33ms
Decode,165,3.21ms
Decode,166,3.19ms
Decode,167,3.19ms
Decode,168,3.24ms
Decode,169,3.18ms
Decode,170,3.37ms
Decode,171,3.43ms
Decode,172,3.68ms
Decode,173,3.54ms
Decode,174,3.42ms
Decode,175,3.37ms
Decode,176,3.82ms
Decode,177,3.30ms
Decode,178,3.65ms
Decode,179,3.27ms
Decode,180,3.18ms
Decode,181,3.45ms
Decode,182,3.62ms
Decode,183,3.66ms
Decode,184,3.37ms
Decode,185,3.33ms
Decode,186,3.52ms
Decode,187,3.59ms
Decode,188,3.61ms
Decode,189,3.64ms
Decode,190,3.52ms
Decode,191,3.44ms
Decode,192,3.28ms
Decode,193,4.13ms
Decode,194,3.67ms
Decode,195,3.31ms
Decode,196,3.19ms
Decode,197,3.44ms
Decode,198,3.61ms
Decode,199,3.34ms
Decode,200,3.68ms
Decode,201,3.51ms
Decode,202,3.59ms
Decode,203,3.35ms
Decode,204,3.24ms
Decode,205,3.54ms
Decode,206,3.71ms
Decode,207,27.70ms
Decode,208,4.54ms
Decode,209,3.38ms
Decode,210,3.64ms
Decode,211,3.38ms
Decode,212,3.31ms
Decode,213,3.22ms
Decode,214,3.20ms
Decode,215,3.80ms
Decode,216,3.20ms
Decode,217,3.27ms
Decode,218,3.15ms
Decode,219,3.21ms
Decode,220,3.58ms
Decode,221,3.31ms
Decode,222,3.47ms
Decode,223,3.20ms
Decode,224,4.05ms
Decode,225,3.33ms
Decode,226,3.43ms
Decode,227,3.44ms
Decode,228,3.56ms
Decode,229,3.35ms
Decode,230,4.26ms
Decode,231,3.63ms
Decode,232,3.85ms
Decode,233,3.76ms
Decode,234,4.20ms
Decode,235,3.68ms
Decode,236,3.77ms
Decode,237,4.79ms
Decode,238,3.65ms
Decode,239,4.27ms
Decode,240,3.75ms
Decode,241,4.33ms
Decode,242,3.78ms
Decode,243,4.30ms
Decode,244,4.38ms
Decode,245,3.62ms
Decode,246,3.92ms
Decode,247,4.02ms
Decode,248,4.39ms
Decode,249,3.61ms
Decode,250,3.22ms
Decode,251,3.23ms
Decode,252,3.63ms
Decode,253,3.27ms
Decode,254,3.36ms
Decode,255,3.46ms
Decode,256,3.31ms
Decode,257,3.63ms
Decode,258,4.02ms
Decode,259,3.24ms
Decode,260,3.51ms
Decode,261,3.22ms
Decode,262,3.29ms
Decode,263,3.56ms
Decode,264,3.36ms
Decode,265,3.38ms
Decode,266,3.74ms
Decode,267,3.29ms
Decode,268,3.86ms
Decode,269,3.34ms
Decode,270,3.55ms
Decode,271,3.48ms
Decode,272,4.12ms
Decode,273,3.64ms
Decode,274,3.33ms
Decode,275,3.33ms
Decode,276,3.52ms
Decode,277,3.26ms
Decode,278,3.26ms
Decode,279,3.42ms
Decode,280,3.46ms
Decode,281,3.44ms
Decode,282,3.75ms
Decode,283,3.35ms
Decode,284,4.72ms
Decode,285,23.84ms
Decode,286,7.17ms
Decode,287,3.69ms
Decode,288,3.38ms
Decode,289,3.21ms
Decode,290,3.34ms
Decode,291,3.42ms
Decode,292,3.47ms
Decode,293,3.57ms
Decode,294,3.49ms
Decode,295,3.61ms
Decode,296,3.24ms
Decode,297,3.89ms
Decode,298,3.18ms
Decode,299,3.68ms
Decode,300,3.35ms
Decode,301,3.31ms
Decode,302,3.74ms
Decode,303,3.34ms
Decode,304,3.45ms
Decode,305,3.32ms
Decode,306,3.61ms
Decode,307,3.54ms
Decode,308,3.38ms
Decode,309,3.46ms
Decode,310,3.36ms
Decode,311,3.23ms
Decode,312,3.85ms
Decode,313,3.37ms
Decode,314,3.33ms
Decode,315,3.33ms
Decode,316,3.46ms
Decode,317,3.54ms
Decode,318,3.74ms
Decode,319,3.55ms
Decode,320,3.40ms
Decode,321,3.20ms
Decode,322,3.82ms
Decode,323,3.25ms
Decode,324,3.59ms
Decode,325,3.19ms
Decode,326,3.24ms
Decode,327,3.61ms
Decode,328,3.65ms
Decode,329,3.63ms
Decode,330,3.59ms
Decode,331,3.35ms
Decode,332,3.71ms
Decode,333,3.28ms
Decode,334,3.53ms
Decode,335,3.72ms
Decode,336,3.34ms
Decode,337,3.77ms
Decode,338,3.47ms
Decode,339,3.38ms
Decode,340,3.22ms
Decode,341,3.44ms
Decode,342,3.49ms
Decode,343,3.43ms
Decode,344,3.61ms
Decode,345,3.41ms
Decode,346,3.50ms
Decode,347,3.59ms
Decode,348,15.78ms
Decode,349,6.52ms
Decode,350,3.38ms
Decode,351,3.35ms
Decode,352,3.81ms
Decode,353,3.28ms
Decode,354,3.59ms
Decode,355,3.33ms
Decode,356,3.29ms
Decode,357,3.47ms
Decode,358,3.50ms
Decode,359,3.52ms
Decode,360,3.36ms
Decode,361,3.64ms
Decode,362,3.40ms
Decode,363,3.67ms
Decode,364,3.25ms
Decode,365,3.39ms
Decode,366,3.58ms
Decode,367,3.49ms
Decode,368,3.45ms
Decode,369,3.82ms
Decode,370,3.60ms
Decode,371,3.47ms
Decode,372,3.26ms
Decode,373,3.61ms
Decode,374,3.18ms
Decode,375,3.30ms
Decode,376,3.37ms
Decode,377,3.61ms
Decode,378,3.52ms
Decode,379,3.83ms
Decode,380,3.60ms
Decode,381,3.74ms
Decode,382,3.52ms
Decode,383,4.17ms
Decode,384,3.63ms
Decode,385,4.00ms
Decode,386,3.63ms
Decode,387,3.97ms
Decode,388,3.64ms
Decode,389,3.84ms
Decode,390,3.48ms
Decode,391,3.90ms
Decode,392,3.46ms
Decode,393,3.80ms
Decode,394,4.08ms
Decode,395,3.61ms
Decode,396,3.66ms
Decode,397,3.63ms
Decode,398,3.97ms
Decode,399,4.02ms
Decode,400,3.58ms
Decode,401,3.49ms
Decode,402,3.72ms
Decode,403,3.37ms
Decode,404,3.73ms
Decode,405,3.33ms
Decode,406,3.56ms
Decode,407,3.18ms
Decode,408,3.25ms
Decode,409,3.71ms
Decode,410,3.28ms
Decode,411,3.58ms
Decode,412,3.50ms
Decode,413,3.36ms
Decode,414,3.62ms
Decode,415,3.32ms
Decode,416,3.54ms
Decode,417,3.23ms
Decode,418,3.25ms
Decode,419,3.51ms
Decode,420,3.38ms
Decode,421,3.82ms
Decode,422,3.38ms
Decode,423,3.22ms
Decode,424,3.63ms
Decode,425,3.39ms
Decode,426,3.27ms
Decode,427,3.37ms
Decode,428,3.36ms
Decode,429,3.33ms
Decode,430,3.55ms
Decode,431,3.58ms
Decode,432,3.60ms
Decode,433,3.75ms
Decode,434,3.40ms
Decode,435,3.78ms
Decode,436,3.37ms
Decode,437,3.68ms
Decode,438,3.36ms
Decode,439,3.19ms
Decode,440,3.68ms
Decode,441,3.42ms
Decode,442,3.73ms
Decode,443,3.53ms
Decode,444,3.28ms
Decode,445,3.24ms
Decode,446,3.42ms
Decode,447,3.48ms
Decode,448,3.43ms
Decode,449,3.41ms
Decode,450,3.21ms
Decode,451,3.40ms
Decode,452,3.87ms
Decode,453,3.30ms
Decode,454,3.73ms
Decode,455,3.26ms
Decode,456,3.52ms
Decode,457,3.75ms
Decode,458,3.35ms
Decode,459,3.67ms
Decode,460,3.61ms
Decode,461,3.58ms
Decode,462,3.52ms
Decode,463,3.51ms
Decode,464,3.67ms
Decode,465,3.36ms
Decode,466,3.43ms
Decode,467,3.22ms
Decode,468,3.59ms
Decode,469,3.38ms
Decode,470,3.75ms
Decode,471,3.37ms
Decode,472,3.46ms
Decode,473,3.56ms
Decode,474,3.52ms
Decode,475,3.56ms
Decode,476,3.61ms
Decode,477,3.44ms
Decode,478,3.84ms
Decode,479,3.39ms
Decode,480,3.90ms
Decode,481,3.31ms
Decode,482,3.60ms
Decode,483,3.30ms
Decode,484,3.23ms
Decode,485,3.56ms
Decode,486,3.52ms
Decode,487,3.58ms
Decode,488,3.60ms
Decode,489,3.42ms
Decode,490,3.26ms
Decode,491,3.56ms
Decode,492,3.64ms
Decode,493,3.41ms
Decode,494,3.92ms
Decode,495,3.31ms
Decode,496,4.00ms
Decode,497,3.31ms
Decode,498,3.55ms
Decode,499,3.28ms
Decode,500,3.22ms
Decode,501,3.53ms
Decode,502,3.34ms
Decode,503,3.32ms
Decode,504,3.33ms
Decode,505,3.57ms
Decode,506,3.60ms
Decode,507,3.24ms
Decode,508,3.18ms
Decode,509,3.84ms
Decode,510,3.18ms
Decode,511,3.56ms
Decode,512,3.26ms
Decode,513,3.15ms
Decode,514,3.55ms
Decode,515,3.44ms
Decode,516,3.34ms
Decode,517,3.19ms
Decode,518,3.43ms
Decode,519,3.54ms
Decode,520,3.29ms
Decode,521,3.31ms
Decode,522,3.29ms
Decode,523,3.41ms
Decode,524,3.61ms
Decode,525,3.20ms
Decode,526,3.47ms
Decode,527,3.27ms
Decode,528,3.65ms
Decode,529,3.73ms
Decode,530,3.50ms
Decode,531,3.61ms
Decode,532,3.55ms
Decode,533,3.53ms
Decode,534,3.79ms
Decode,535,3.53ms
Decode,536,3.87ms
Decode,537,3.41ms
Decode,538,3.85ms
Decode,539,3.26ms
Decode,540,3.46ms
Decode,541,3.19ms
Decode,542,3.28ms
Decode,543,3.45ms
Decode,544,3.67ms
Decode,545,3.22ms
Decode,546,3.76ms
Decode,547,3.35ms
Decode,548,3.54ms
Decode,549,3.70ms
Decode,550,3.58ms
Decode,551,3.44ms
Decode,552,3.25ms
Decode,553,3.60ms
Decode,554,3.24ms
Decode,555,3.64ms
Decode,556,3.55ms
Decode,557,3.27ms
Decode,558,3.53ms
Decode,559,3.53ms
Decode,560,3.33ms
Decode,561,3.79ms
Decode,562,3.36ms
Decode,563,3.73ms
Decode,564,3.39ms
Decode,565,3.51ms
Decode,566,3.64ms
Decode,567,3.48ms
Decode,568,3.18ms
Decode,569,3.81ms
Decode,570,3.31ms
Decode,571,3.73ms
Decode,572,3.30ms
Decode,573,3.16ms
Decode,574,3.50ms
Decode,575,3.41ms
Decode,576,3.49ms
Decode,577,4.15ms
Decode,578,3.49ms
Decode,579,3.74ms
Decode,580,3.32ms
Decode,581,3.55ms
Decode,582,3.30ms
Decode,583,3.49ms
Decode,584,3.52ms
Decode,585,3.22ms
Decode,586,3.64ms
Decode,587,3.48ms
Decode,588,3.25ms
Decode,589,3.47ms
Decode,590,3.75ms
Decode,591,3.36ms
Decode,592,3.79ms
Decode,593,3.33ms
Decode,594,3.66ms
Decode,595,3.23ms
Decode,596,3.46ms
Decode,597,3.24ms
Decode,598,3.20ms
Decode,599,3.38ms
Decode,600,3.41ms
Decode,601,3.64ms
Decode,602,4.01ms
Decode,603,3.46ms
Decode,604,3.70ms
Decode,605,3.30ms
Decode,606,3.28ms
Decode,607,3.38ms
Decode,608,3.35ms
Decode,609,3.62ms
Decode,610,3.56ms
Decode,611,30.52ms
Decode,612,5.30ms
Decode,613,3.87ms
Decode,614,3.37ms
Decode,615,3.66ms
Decode,616,3.39ms
Decode,617,3.28ms
Decode,618,3.63ms
Decode,619,3.20ms
Decode,620,3.57ms
Decode,621,3.34ms
Decode,622,3.32ms
Decode,623,3.52ms
Decode,624,3.29ms
Decode,625,3.29ms
Decode,626,3.73ms
Decode,627,3.39ms
Decode,628,3.46ms
Decode,629,3.24ms
Decode,630,3.39ms
Decode,631,3.39ms
Decode,632,3.17ms
Decode,633,3.42ms
Decode,634,3.34ms
Decode,635,3.42ms
Decode,636,3.62ms
Decode,637,3.44ms
Decode,638,3.28ms
Decode,639,3.51ms
Decode,640,3.71ms
Decode,641,3.72ms
Decode,642,3.54ms
Decode,643,3.34ms
Decode,644,3.40ms
Decode,645,3.32ms
Decode,646,3.30ms
Decode,647,3.25ms
Decode,648,3.65ms
Decode,649,3.25ms
Decode,650,3.46ms
Decode,651,3.62ms
Decode,652,3.42ms
Decode,653,3.54ms
Decode,654,3.45ms
Decode,655,3.25ms
Decode,656,3.65ms
Decode,657,3.58ms
Decode,658,3.46ms
Decode,659,3.44ms
Decode,660,3.42ms
Decode,661,3.49ms
Decode,662,3.59ms
Decode,663,3.14ms
Decode,664,3.56ms
Decode,665,3.33ms
Decode,666,3.53ms
Decode,667,3.75ms
Decode,668,3.61ms
Decode,669,3.43ms
Decode,670,3.79ms
Decode,671,3.42ms
Decode,672,3.46ms
Decode,673,3.19ms
Decode,674,3.70ms
Decode,675,3.41ms
Decode,676,3.52ms
Decode,677,3.26ms
Decode,678,3.29ms
Decode,679,3.32ms
Decode,680,3.74ms
Decode,681,3.58ms
Decode,682,3.47ms
Decode,683,3.32ms
Decode,684,3.58ms
Decode,685,3.31ms
Decode,686,3.12ms
Decode,687,3.55ms
Decode,688,3.45ms
Decode,689,3.64ms
Decode,690,3.46ms
Decode,691,3.41ms
Decode,692,3.54ms
Decode,693,3.80ms
Decode,694,3.24ms
Decode,695,3.43ms
Decode,696,3.21ms
Decode,697,3.48ms
Decode,698,3.38ms
Decode,699,3.72ms
Decode,700,3.75ms
Decode,701,3.25ms
Decode,702,3.41ms
Decode,703,3.55ms
Decode,704,3.21ms
Decode,705,3.77ms
Decode,706,3.29ms
Decode,707,3.58ms
Decode,708,3.39ms
Decode,709,3.23ms
Decode,710,3.57ms
Decode,711,3.23ms
Decode,712,3.47ms
Decode,713,3.48ms
Decode,714,3.38ms
Decode,715,3.36ms
Decode,716,3.41ms
Decode,717,3.28ms
Decode,718,3.46ms
Decode,719,3.17ms
Decode,720,3.51ms
Decode,721,3.90ms
Decode,722,3.61ms
Decode,723,3.72ms
Decode,724,3.37ms
Decode,725,3.49ms
Decode,726,3.44ms
Decode,727,3.26ms
Decode,728,3.42ms
Decode,729,3.57ms
Decode,730,3.17ms
Decode,731,3.57ms
Decode,732,3.30ms
Decode,733,3.44ms
Decode,734,3.63ms
Decode,735,3.39ms
Decode,736,3.58ms
Decode,737,3.24ms
Decode,738,3.67ms
Decode,739,3.34ms
Decode,740,3.12ms
Decode,741,3.59ms
Decode,742,3.32ms
Decode,743,3.86ms
Decode,744,3.91ms
Decode,745,3.59ms
Decode,746,3.44ms
Decode,747,3.72ms
Decode,748,3.53ms
Decode,749,3.58ms
Decode,750,3.74ms
Decode,751,3.40ms
Decode,752,4.08ms
Decode,753,3.45ms
Decode,754,3.46ms
Decode,755,3.71ms
Decode,756,3.71ms
Decode,757,3.59ms
Decode,758,3.45ms
Decode,759,3.25ms
Decode,760,3.72ms
Decode,761,3.38ms
Decode,762,3.35ms
Decode,763,3.39ms
Decode,764,3.17ms
Decode,765,3.47ms
Decode,766,3.64ms
Decode,767,3.46ms
Decode,768,3.51ms
Decode,769,3.48ms
Decode,770,3.19ms
Decode,771,3.46ms
Decode,772,3.38ms
Decode,773,3.22ms
Decode,774,3.45ms
Decode,775,3.76ms
Decode,776,3.45ms
Decode,777,3.70ms
Decode,778,3.67ms
Decode,779,3.51ms
Decode,780,3.31ms
Decode,781,3.30ms
Decode,782,3.44ms
Decode,783,3.25ms
Decode,784,3.53ms
Decode,785,3.73ms
Decode,786,3.39ms
Decode,787,3.75ms
Decode,788,3.40ms
Decode,789,3.29ms
Decode,790,3.34ms
Decode,791,3.12ms
Decode,792,3.64ms
Decode,793,3.19ms
Decode,794,3.19ms
Decode,795,3.35ms
Decode,796,3.40ms
Decode,797,3.53ms
Decode,798,3.62ms
Decode,799,3.42ms
Decode,800,3.82ms
Decode,801,3.35ms
Decode,802,3.65ms
Decode,803,3.64ms
Decode,804,3.77ms
Decode,805,3.65ms
Decode,806,3.45ms
Decode,807,3.97ms
Decode,808,3.29ms
Decode,809,3.42ms
Decode,810,3.55ms
Decode,811,3.30ms
Decode,812,3.61ms
Decode,813,3.17ms
Decode,814,3.50ms
Decode,815,3.34ms
Decode,816,3.47ms
Decode,817,3.72ms
Decode,818,3.36ms
Decode,819,3.41ms
Decode,820,3.28ms
Decode,821,3.20ms
Decode,822,3.44ms
Decode,823,3.70ms
Decode,824,3.41ms
Decode,825,3.47ms
Decode,826,3.76ms
Decode,827,4.02ms
Decode,828,3.65ms
Decode,829,3.76ms
Decode,830,3.55ms
Decode,831,3.76ms
Decode,832,3.40ms
Decode,833,3.53ms
Decode,834,3.51ms
Decode,835,3.91ms
Decode,836,3.93ms
Decode,837,3.45ms
Decode,838,3.63ms
Decode,839,3.60ms
Decode,840,3.45ms
Decode,841,3.52ms
Decode,842,3.72ms
Decode,843,3.27ms
Decode,844,3.63ms
Decode,845,3.54ms
Decode,846,3.48ms
Decode,847,3.35ms
Decode,848,3.70ms
Decode,849,3.48ms
Decode,850,3.23ms
Decode,851,3.56ms
Decode,852,3.36ms
Decode,853,3.49ms
Decode,854,3.32ms
Decode,855,3.55ms
Decode,856,3.68ms
Decode,857,3.78ms
Decode,858,3.84ms
Decode,859,3.47ms
Decode,860,3.62ms
Decode,861,3.32ms
Decode,862,3.37ms
Decode,863,3.34ms
Decode,864,3.51ms
Decode,865,3.57ms
Decode,866,3.87ms
Decode,867,3.36ms
Decode,868,3.72ms
Decode,869,3.28ms
Decode,870,3.71ms
Decode,871,3.28ms
Decode,872,3.21ms
Decode,873,3.80ms
Decode,874,3.46ms
Decode,875,3.44ms
Decode,876,3.39ms
Decode,877,3.70ms
Decode,878,3.56ms
Decode,879,3.23ms
Decode,880,3.27ms
Decode,881,3.26ms
Decode,882,3.23ms
Decode,883,3.90ms
Decode,884,3.36ms
Decode,885,3.42ms
Decode,886,3.31ms
Decode,887,3.27ms
Decode,888,3.58ms
Decode,889,3.30ms
Decode,890,3.73ms
Decode,891,3.37ms
Decode,892,3.81ms
Decode,893,3.66ms
Decode,894,3.48ms
Decode,895,3.59ms
Decode,896,3.32ms
Decode,897,3.43ms
Decode,898,3.61ms
Decode,899,3.56ms
Decode,900,3.88ms
Decode,901,3.60ms
Decode,902,3.68ms
Decode,903,3.39ms
Decode,904,3.48ms
Decode,905,3.66ms
Decode,906,3.38ms
Decode,907,3.62ms
Decode,908,3.64ms
Decode,909,3.78ms
Decode,910,3.75ms
Decode,911,3.76ms
Decode,912,3.34ms
Decode,913,3.53ms
Decode,914,3.37ms
Decode,915,3.93ms
Decode,916,3.47ms
Decode,917,4.01ms
Decode,918,3.57ms
Decode,919,3.55ms
Decode,920,3.32ms
Decode,921,3.76ms
Decode,922,3.37ms
Decode,923,3.36ms
Decode,924,3.71ms
Decode,925,3.76ms
Decode,926,3.62ms
Decode,927,3.67ms
Decode,928,3.66ms
Decode,929,3.41ms
Decode,930,3.31ms
Decode,931,3.37ms
Decode,932,3.20ms
Decode,933,3.82ms
Decode,934,3.38ms
Decode,935,3.51ms
Decode,936,3.43ms
Decode,937,3.80ms
Decode,938,3.82ms
Decode,939,3.49ms
Decode,940,3.53ms
Decode,941,26.89ms
Decode,942,5.59ms
Decode,943,4.30ms
Decode,944,3.83ms
Decode,945,3.39ms
Decode,946,3.56ms
Decode,947,3.17ms
Decode,948,3.50ms
Decode,949,3.68ms
Decode,950,3.32ms
Decode,951,3.48ms
Decode,952,3.60ms
Decode,953,3.41ms
Decode,954,3.80ms
Decode,955,3.42ms
Decode,956,3.53ms
Decode,957,3.25ms
Decode,958,3.26ms
Decode,959,3.59ms
Decode,960,3.38ms
Decode,961,3.40ms
Decode,962,3.33ms
Decode,963,3.24ms
Decode,964,3.44ms
Decode,965,3.53ms
Decode,966,3.45ms
Decode,967,3.77ms
Decode,968,3.59ms
Decode,969,3.74ms
Decode,970,3.62ms
Decode,971,3.88ms
Decode,972,3.39ms
Decode,973,3.93ms
Decode,974,3.23ms
Decode,975,3.44ms
Decode,976,3.22ms
Decode,977,3.19ms
Decode,978,3.55ms
Decode,979,3.67ms
Decode,980,3.42ms
Decode,981,3.56ms
Decode,982,3.59ms
Decode,983,3.27ms
Decode,984,3.40ms
Decode,985,3.50ms
Decode,986,3.59ms
Decode,987,3.68ms
Decode,988,3.69ms
Decode,989,3.47ms
Decode,990,3.45ms
Decode,991,3.21ms
Decode,992,3.63ms
Decode,993,3.37ms
Decode,994,3.69ms
Decode,995,3.40ms
Decode,996,3.56ms
Decode,997,3.72ms
Decode,998,3.28ms
Decode,999,3.24ms
Decode,1000,3.23ms
Decode,1001,3.36ms
Decode,1002,3.49ms
Decode,1003,3.83ms
Decode,1004,3.44ms
Decode,1005,3.74ms
Decode,1006,3.86ms
Decode,1007,3.60ms
Decode,1008,3.54ms
Decode,1009,3.59ms
Decode,1010,3.67ms
Decode,1011,3.38ms
Decode,1012,3.56ms
Decode,1013,3.29ms
Decode,1014,3.63ms
Decode,1015,3.47ms
Decode,1016,3.35ms
Decode,1017,3.60ms
Decode,1018,3.43ms
Decode,1019,3.35ms
Decode,1020,3.87ms
Decode,1021,3.35ms
Decode,1022,3.84ms
Decode,1023,3.35ms
Decode,1024,3.30ms
Decode,1025,3.31ms
Decode,1026,3.56ms
Decode,1027,3.86ms
Decode,1028,3.64ms
Decode,1029,3.53ms
Decode,1030,3.13ms
Decode,1031,4.05ms
Decode,1032,3.33ms
Decode,1033,3.83ms
Decode,1034,3.23ms
Decode,1035,3.35ms
Decode,1036,3.37ms
Decode,1037,3.50ms
Decode,1038,3.62ms
Decode,1039,3.76ms
Decode,1040,3.51ms
Decode,1041,3.93ms
Decode,1042,3.40ms
Decode,1043,3.37ms
Decode,1044,3.59ms
Decode,1045,3.46ms
Decode,1046,3.25ms
Decode,1047,3.71ms
Decode,1048,3.27ms
Decode,1049,3.74ms
Decode,1050,3.69ms
Decode,1051,3.43ms
Decode,1052,3.69ms
Decode,1053,3.28ms
Decode,1054,3.38ms
Decode,1055,3.65ms
Decode,1056,3.36ms
Decode,1057,3.95ms
Decode,1058,3.30ms
Decode,1059,3.50ms
Decode,1060,3.33ms
Decode,1061,3.23ms
Decode,1062,3.56ms
Decode,1063,3.48ms
Decode,1064,3.38ms
Decode,1065,3.55ms
Decode,1066,3.71ms
Decode,1067,3.75ms
Decode,1068,3.37ms
Decode,1069,3.26ms
Decode,1070,3.66ms
Decode,1071,3.24ms
Decode,1072,3.33ms
Decode,1073,3.49ms
Decode,1074,3.30ms
Decode,1075,3.22ms
Decode,1076,3.58ms
Decode,1077,3.34ms
Decode,1078,3.70ms
Decode,1079,3.26ms
Decode,1080,3.30ms
Decode,1081,3.22ms
Decode,1082,3.56ms
Decode,1083,3.35ms
Decode,1084,3.86ms
Decode,1085,3.54ms
Decode,1086,3.69ms
Decode,1087,3.32ms
Decode,1088,3.37ms
Decode,1089,3.32ms
Decode,1090,4.03ms
Decode,1091,3.31ms
Decode,1092,3.54ms
Decode,1093,3.17ms
Decode,1094,3.28ms
Decode,1095,3.32ms
Decode,1096,3.60ms
Decode,1097,3.28ms
Decode,1098,3.37ms
Decode,1099,3.25ms
Decode,1100,3.22ms
Decode,1101,3.71ms
Decode,1102,3.33ms
Decode,1103,3.93ms
Decode,1104,3.43ms
Decode,1105,3.87ms
Decode,1106,3.64ms
Decode,1107,4.11ms
Decode,1108,3.63ms
Decode,1109,3.54ms
Decode,1110,3.24ms
Decode,1111,3.69ms
Decode,1112,3.18ms
Decode,1113,3.42ms
Decode,1114,3.49ms
Decode,1115,3.65ms
Decode,1116,3.54ms
Decode,1117,3.72ms
Decode,1118,3.15ms
Decode,1119,3.90ms
Decode,1120,3.37ms
Decode,1121,3.72ms
Decode,1122,3.27ms
Decode,1123,3.49ms
Decode,1124,3.42ms
Decode,1125,3.41ms
Decode,1126,3.63ms
Decode,1127,3.54ms
Decode,1128,3.19ms
Decode,1129,3.79ms
Decode,1130,3.33ms
Decode,1131,3.17ms
Decode,1132,3.34ms
Decode,1133,3.24ms
Decode,1134,3.37ms
Decode,1135,3.73ms
Decode,1136,3.38ms
Decode,1137,3.65ms
Decode,1138,3.35ms
Decode,1139,3.56ms
Decode,1140,3.69ms
Decode,1141,3.39ms
Decode,1142,3.75ms
Decode,1143,3.49ms
Decode,1144,3.51ms
Decode,1145,3.70ms
Decode,1146,3.52ms
Decode,1147,3.25ms
Decode,1148,3.47ms
Decode,1149,3.68ms
Decode,1150,3.48ms
Decode,1151,3.73ms
Decode,1152,3.59ms
Decode,1153,3.76ms
Decode,1154,3.65ms
Decode,1155,3.70ms
Decode,1156,3.54ms
Decode,1157,3.41ms
Decode,1158,3.32ms
Decode,1159,3.40ms
Decode,1160,3.45ms
Decode,1161,3.65ms
Decode,1162,3.45ms
Decode,1163,3.46ms
Decode,1164,3.51ms
Decode,1165,3.18ms
Decode,1166,4.04ms
Decode,1167,3.31ms
Decode,1168,3.69ms
Decode,1169,3.27ms
Decode,1170,3.21ms
Decode,1171,3.38ms
Decode,1172,3.29ms
Decode,1173,3.99ms
Decode,1174,3.61ms
Decode,1175,3.33ms
Decode,1176,3.60ms
Decode,1177,3.36ms
Decode,1178,3.69ms
Decode,1179,3.58ms
Decode,1180,3.55ms
Decode,1181,3.59ms
Decode,1182,3.63ms
Decode,1183,3.58ms
Decode,1184,3.28ms
Decode,1185,3.54ms
Decode,1186,3.30ms
Decode,1187,3.59ms
Decode,1188,3.56ms
Decode,1189,3.15ms
Decode,1190,3.61ms
Decode,1191,3.33ms
Decode,1192,3.55ms
Decode,1193,3.65ms
Decode,1194,3.38ms
Decode,1195,3.55ms
Decode,1196,3.59ms
Decode,1197,3.33ms
Decode,1198,3.60ms
Decode,1199,3.25ms
Decode,1200,3.55ms
Decode,1201,3.86ms
Decode,1202,3.46ms
Decode,1203,3.54ms
Decode,1204,3.61ms
Decode,1205,3.67ms
Decode,1206,3.42ms
Decode,1207,3.37ms
Decode,1208,3.46ms
Decode,1209,3.68ms
Decode,1210,3.42ms
Decode,1211,3.55ms
Decode,1212,3.50ms
Decode,1213,3.39ms
Decode,1214,3.22ms
Decode,1215,3.61ms
Decode,1216,3.35ms
Decode,1217,3.22ms
Decode,1218,3.28ms
Decode,1219,3.25ms
Decode,1220,3.21ms
Decode,1221,3.76ms
Decode,1222,3.63ms
Decode,1223,3.62ms
Decode,1224,3.71ms
Decode,1225,3.45ms
Decode,1226,3.63ms
Decode,1227,3.42ms
Decode,1228,3.39ms
Decode,1229,3.26ms
Decode,1230,3.41ms
Decode,1231,3.37ms
Decode,1232,3.64ms
Decode,1233,3.58ms
Decode,1234,3.52ms
Decode,1235,3.29ms
Decode,1236,3.76ms
Decode,1237,3.43ms
Decode,1238,3.24ms
Decode,1239,3.76ms
Decode,1240,3.64ms
Decode,1241,3.49ms
Decode,1242,3.44ms
Decode,1243,3.54ms
Decode,1244,3.17ms
Decode,1245,3.56ms
Decode,1246,3.14ms
Decode,1247,3.80ms
Decode,1248,3.48ms
Decode,1249,3.45ms
Decode,1250,3.91ms
Decode,1251,3.62ms
Decode,1252,3.25ms
Decode,1253,3.60ms
Decode,1254,3.35ms
Decode,1255,3.78ms
Decode,1256,3.27ms
Decode,1257,3.31ms
Decode,1258,3.24ms
Decode,1259,3.32ms
Decode,1260,3.39ms
Decode,1261,3.26ms
Decode,1262,3.65ms
Decode,1263,3.30ms
Decode,1264,3.50ms
Decode,1265,3.22ms
Decode,1266,3.73ms
Decode,1267,3.49ms
Decode,1268,3.45ms
Decode,1269,3.19ms
Decode,1270,3.41ms
Decode,1271,3.37ms
Decode,1272,30.13ms
Decode,1273,6.55ms
Decode,1274,3.38ms
Decode,1275,3.60ms
Decode,1276,3.93ms
Decode,1277,3.42ms
Decode,1278,4.02ms
Decode,1279,3.25ms
Decode,1280,3.65ms
Decode,1281,3.42ms
Decode,1282,3.29ms
Decode,1283,3.54ms
Decode,1284,3.57ms
Decode,1285,3.58ms
Decode,1286,3.59ms
Decode,1287,3.38ms
Decode,1288,3.21ms
Decode,1289,3.56ms
Decode,1290,3.39ms
Decode,1291,3.53ms
Decode,1292,4.10ms
Decode,1293,3.63ms
Decode,1294,3.82ms
Decode,1295,3.40ms
Decode,1296,3.73ms
Decode,1297,3.26ms
Decode,1298,3.54ms
Decode,1299,3.34ms
Decode,1300,3.20ms
Decode,1301,3.81ms
Decode,1302,3.21ms
Decode,1303,3.25ms
Decode,1304,3.27ms
Decode,1305,3.32ms
Decode,1306,3.21ms
Decode,1307,3.56ms
Decode,1308,3.60ms
Decode,1309,3.30ms
Decode,1310,3.57ms
Decode,1311,3.67ms
Decode,1312,3.37ms
Decode,1313,3.87ms
Decode,1314,3.28ms
Decode,1315,3.27ms
Decode,1316,3.22ms
Decode,1317,3.31ms
Decode,1318,3.73ms
Decode,1319,3.35ms
Decode,1320,3.56ms
Decode,1321,3.62ms
Decode,1322,3.38ms
Decode,1323,3.81ms
Decode,1324,3.28ms
Decode,1325,3.66ms
Decode,1326,3.33ms
Decode,1327,3.25ms
Decode,1328,3.44ms
Decode,1329,3.22ms
Decode,1330,3.51ms
Decode,1331,3.55ms
Decode,1332,3.60ms
Decode,1333,3.81ms
Decode,1334,3.68ms
Decode,1335,3.62ms
Decode,1336,3.40ms
Decode,1337,3.24ms
Decode,1338,3.45ms
Decode,1339,3.52ms
Decode,1340,3.29ms
Decode,1341,3.68ms
Decode,1342,3.33ms
Decode,1343,3.63ms
Decode,1344,3.49ms
Decode,1345,3.36ms
Decode,1346,3.60ms
Decode,1347,3.23ms
Decode,1348,3.48ms
Decode,1349,3.63ms
Decode,1350,3.81ms
Decode,1351,4.00ms
Decode,1352,3.36ms
Decode,1353,3.54ms
Decode,1354,3.27ms
Decode,1355,3.20ms
Decode,1356,3.61ms
Decode,1357,3.33ms
Decode,1358,3.34ms
Decode,1359,3.23ms
Decode,1360,3.47ms
Decode,1361,3.52ms
Decode,1362,3.74ms
Decode,1363,3.52ms
Decode,1364,3.64ms
Decode,1365,3.69ms
Decode,1366,3.59ms
Decode,1367,3.61ms
Decode,1368,3.39ms
Decode,1369,3.51ms
Decode,1370,3.69ms
Decode,1371,3.58ms
Decode,1372,3.73ms
Decode,1373,3.54ms
Decode,1374,3.39ms
Decode,1375,3.23ms
Decode,1376,3.41ms
Decode,1377,3.11ms
Decode,1378,3.45ms
Decode,1379,3.42ms
Decode,1380,3.59ms
Decode,1381,3.23ms
Decode,1382,3.51ms
Decode,1383,3.67ms
Decode,1384,3.47ms
Decode,1385,3.64ms
Decode,1386,3.62ms
Decode,1387,3.18ms
Decode,1388,3.53ms
Decode,1389,3.74ms
Decode,1390,3.40ms
Decode,1391,3.78ms
Decode,1392,3.45ms
Decode,1393,3.30ms
Decode,1394,3.51ms
Decode,1395,3.22ms
Decode,1396,3.44ms
Decode,1397,3.44ms
Decode,1398,3.31ms
Decode,1399,3.64ms
Decode,1400,3.57ms
Decode,1401,3.71ms
Decode,1402,3.52ms
Decode,1403,3.34ms
Decode,1404,3.58ms
Decode,1405,3.30ms
Decode,1406,3.58ms
Decode,1407,3.35ms
Decode,1408,3.43ms
Decode,1409,3.42ms
Decode,1410,3.45ms
Decode,1411,3.75ms
Decode,1412,3.31ms
Decode,1413,3.23ms
Decode,1414,3.69ms
Decode,1415,3.37ms
Decode,1416,3.50ms
Decode,1417,3.34ms
Decode,1418,3.23ms
Decode,1419,3.55ms
Decode,1420,3.41ms
Decode,1421,3.32ms
Decode,1422,3.19ms
Decode,1423,3.49ms
Decode,1424,3.69ms
Decode,1425,3.48ms
Decode,1426,3.78ms
Decode,1427,3.43ms
Decode,1428,3.55ms
Decode,1429,3.79ms
Decode,1430,3.52ms
Decode,1431,3.82ms
Decode,1432,3.42ms
Decode,1433,3.37ms
Decode,1434,3.45ms
Decode,1435,3.46ms
Decode,1436,3.52ms
Decode,1437,3.59ms
Decode,1438,3.39ms
Decode,1439,3.23ms
Decode,1440,3.70ms
Decode,1441,3.65ms
Decode,1442,3.67ms
Decode,1443,3.78ms
Decode,1444,3.49ms
Decode,1445,4.11ms
Decode,1446,3.66ms
Decode,1447,3.79ms
Decode,1448,3.77ms
Decode,1449,3.72ms
Decode,1450,3.69ms
Decode,1451,3.87ms
Decode,1452,3.40ms
Decode,1453,3.60ms
Decode,1454,3.21ms
Decode,1455,3.55ms
Decode,1456,3.38ms
Decode,1457,3.35ms
Decode,1458,3.75ms
Decode,1459,3.36ms
Decode,1460,3.76ms
Decode,1461,3.35ms
Decode,1462,3.29ms
Decode,1463,3.78ms
Decode,1464,3.34ms
Decode,1465,3.28ms
Decode,1466,3.38ms
Decode,1467,3.18ms
Decode,1468,3.60ms
Decode,1469,3.46ms
Decode,1470,3.67ms
Decode,1471,3.92ms
Decode,1472,3.47ms
Decode,1473,3.98ms
Decode,1474,3.35ms
Decode,1475,3.54ms
Decode,1476,3.29ms
Decode,1477,3.35ms
Decode,1478,3.63ms
Decode,1479,3.59ms
Decode,1480,3.52ms
Decode,1481,3.86ms
Decode,1482,3.64ms
Decode,1483,3.75ms
Decode,1484,3.40ms
Decode,1485,3.71ms
Decode,1486,3.34ms
Decode,1487,3.51ms
Decode,1488,3.50ms
Decode,1489,4.04ms
Decode,1490,3.50ms
Decode,1491,3.53ms
Decode,1492,3.37ms
Decode,1493,3.20ms
Decode,1494,3.45ms
Decode,1495,3.34ms
Decode,1496,3.57ms
Decode,1497,3.80ms
Decode,1498,3.61ms
Decode,1499,4.05ms
Decode,1500,3.48ms
Decode,1501,3.42ms
Decode,1502,3.23ms
Decode,1503,3.53ms
Decode,1504,3.34ms
Decode,1505,3.12ms
Decode,1506,3.47ms
Decode,1507,3.39ms
Decode,1508,3.42ms
Decode,1509,3.83ms
Decode,1510,3.39ms
Decode,1511,3.26ms
Decode,1512,4.16ms
Decode,1513,3.16ms
Decode,1514,3.43ms
Decode,1515,3.19ms
Decode,1516,3.54ms
Decode,1517,4.14ms
Decode,1518,3.50ms
Decode,1519,3.47ms
Decode,1520,25.70ms
Decode,1521,3.98ms
Decode,1522,4.02ms
Decode,1523,3.39ms
Decode,1524,3.91ms
Decode,1525,3.36ms
Decode,1526,4.00ms
Decode,1527,5.50ms
Decode,1528,3.39ms
Decode,1529,3.30ms
Decode,1530,4.05ms
Decode,1531,3.35ms
Decode,1532,4.02ms
Decode,1533,3.73ms
Decode,1534,3.57ms
Decode,1535,3.89ms
Decode,1536,3.58ms
Decode,1537,3.73ms
Decode,1538,3.50ms
Decode,1539,3.73ms
Decode,1540,3.55ms
Decode,1541,3.80ms
Decode,1542,3.59ms
Decode,1543,3.38ms
Decode,1544,3.74ms
Decode,1545,3.47ms
Decode,1546,3.63ms
Decode,1547,3.66ms
Decode,1548,3.40ms
Decode,1549,3.25ms
Decode,1550,3.32ms
Decode,1551,3.79ms
Decode,1552,3.31ms
Decode,1553,3.58ms
Decode,1554,3.56ms
Decode,1555,3.58ms
Decode,1556,3.44ms
Decode,1557,3.35ms
Decode,1558,3.70ms
Decode,1559,4.04ms
Decode,1560,3.36ms
Decode,1561,3.58ms
Decode,1562,3.33ms
Decode,1563,3.39ms
Decode,1564,3.59ms
Decode,1565,3.45ms
Decode,1566,3.19ms
Decode,1567,3.78ms
Decode,1568,25.78ms
Decode,1569,6.91ms
Decode,1570,3.80ms
Decode,1571,3.32ms
Decode,1572,3.50ms
Decode,1573,3.40ms
Decode,1574,3.17ms
Decode,1575,3.63ms
Decode,1576,3.31ms
Decode,1577,3.54ms
Decode,1578,3.35ms
Decode,1579,3.47ms
Decode,1580,3.72ms
Decode,1581,3.29ms
Decode,1582,3.13ms
Decode,1583,3.50ms
Decode,1584,3.55ms
Decode,1585,3.61ms
Decode,1586,3.39ms
Decode,1587,3.26ms
Decode,1588,3.41ms
Decode,1589,3.35ms
Decode,1590,3.19ms
Decode,1591,3.53ms
Decode,1592,3.34ms
Decode,1593,3.57ms
Decode,1594,3.38ms
Decode,1595,3.47ms
Decode,1596,3.48ms
Decode,1597,3.89ms
Decode,1598,3.32ms
Decode,1599,3.41ms
Decode,1600,3.65ms
Decode,1601,3.61ms
Decode,1602,3.58ms
Decode,1603,3.40ms
Decode,1604,3.56ms
Decode,1605,3.63ms
Decode,1606,3.55ms
Decode,1607,3.63ms
Decode,1608,3.21ms
Decode,1609,3.66ms
Decode,1610,3.41ms
Decode,1611,3.28ms
Decode,1612,3.73ms
Decode,1613,3.57ms
Decode,1614,3.47ms
Decode,1615,3.71ms
Decode,1616,3.55ms
Decode,1617,3.70ms
Decode,1618,3.36ms
Decode,1619,3.70ms
Decode,1620,3.31ms
Decode,1621,3.43ms
Decode,1622,3.51ms
Decode,1623,3.63ms
Decode,1624,3.35ms
Decode,1625,3.19ms
Decode,1626,3.25ms
Decode,1627,3.21ms
Decode,1628,3.59ms
Decode,1629,3.42ms
Decode,1630,3.47ms
Decode,1631,3.91ms
Decode,1632,3.56ms
Decode,1633,3.14ms
Decode,1634,3.63ms
Decode,1635,3.42ms
Decode,1636,3.47ms
Decode,1637,3.30ms
Decode,1638,3.49ms
Decode,1639,3.69ms
Decode,1640,3.32ms
Decode,1641,3.61ms
Decode,1642,3.28ms
Decode,1643,3.48ms
Decode,1644,3.50ms
Decode,1645,3.18ms
Decode,1646,3.75ms
Decode,1647,3.35ms
Decode,1648,3.31ms
Decode,1649,3.25ms
Decode,1650,3.15ms
Decode,1651,3.61ms
Decode,1652,3.36ms
Decode,1653,3.63ms
Decode,1654,3.78ms
Decode,1655,3.32ms
Decode,1656,3.66ms
Decode,1657,3.33ms
Decode,1658,3.54ms
Decode,1659,3.35ms
Decode,1660,3.10ms
Decode,1661,3.46ms
Decode,1662,3.13ms
Decode,1663,3.46ms
Decode,1664,3.26ms
Decode,1665,3.58ms
Decode,1666,3.74ms
Decode,1667,3.55ms
Decode,1668,3.59ms
Decode,1669,3.75ms
Decode,1670,3.49ms
Decode,1671,3.60ms
Decode,1672,3.51ms
Decode,1673,3.42ms
Decode,1674,3.22ms
Decode,1675,3.26ms
Decode,1676,3.57ms
Decode,1677,3.38ms
Decode,1678,3.56ms
Decode,1679,3.71ms
Decode,1680,3.36ms
Decode,1681,3.31ms
Decode,1682,3.21ms
Decode,1683,3.46ms
Decode,1684,3.33ms
Decode,1685,3.14ms
Decode,1686,3.46ms
Decode,1687,3.61ms
Decode,1688,3.76ms
Decode,1689,3.91ms
Decode,1690,3.38ms
Decode,1691,3.58ms
Decode,1692,3.37ms
Decode,1693,3.13ms
Decode,1694,3.27ms
Decode,1695,3.15ms
Decode,1696,3.61ms
Decode,1697,3.26ms
Decode,1698,3.37ms
Decode,1699,3.55ms
Decode,1700,3.90ms
Decode,1701,3.45ms
Decode,1702,3.41ms
Decode,1703,3.52ms
Decode,1704,3.76ms
Decode,1705,3.40ms
Decode,1706,3.62ms
Decode,1707,3.66ms
Decode,1708,3.84ms
Decode,1709,3.41ms
Decode,1710,3.43ms
Decode,1711,3.48ms
Decode,1712,3.81ms
Decode,1713,3.69ms
Decode,1714,3.91ms
Decode,1715,3.29ms
Decode,1716,4.03ms
Decode,1717,3.35ms
Decode,1718,3.56ms
Decode,1719,3.78ms
Decode,1720,3.69ms
Decode,1721,3.46ms
Decode,1722,3.25ms
Decode,1723,3.48ms
Decode,1724,3.60ms
Decode,1725,3.55ms
Decode,1726,3.82ms
Decode,1727,3.52ms
Decode,1728,3.78ms
Decode,1729,3.35ms
Decode,1730,3.25ms
Decode,1731,3.33ms
Decode,1732,3.17ms
Decode,1733,3.52ms
Decode,1734,3.60ms
Decode,1735,3.42ms
Decode,1736,3.34ms
Decode,1737,3.45ms
Decode,1738,3.42ms
Decode,1739,3.40ms
Decode,1740,3.17ms
Decode,1741,3.51ms
Decode,1742,3.44ms
Decode,1743,3.90ms
Decode,1744,3.42ms
Decode,1745,3.65ms
Decode,1746,3.20ms
Decode,1747,3.35ms
Decode,1748,3.24ms
Decode,1749,3.75ms
Decode,1750,3.37ms
Decode,1751,3.32ms
Decode,1752,3.38ms
Decode,1753,3.16ms
Decode,1754,3.46ms
Decode,1755,3.53ms
Decode,1756,3.59ms
Decode,1757,3.37ms
Decode,1758,3.26ms
Decode,1759,3.70ms
Decode,1760,3.42ms
Decode,1761,3.80ms
Decode,1762,3.34ms
Decode,1763,3.23ms
Decode,1764,3.59ms
Decode,1765,3.70ms
Decode,1766,3.69ms
Decode,1767,3.41ms
Decode,1768,3.49ms
Decode,1769,3.67ms
Decode,1770,3.40ms
Decode,1771,3.49ms
Decode,1772,3.26ms
Decode,1773,3.16ms
Decode,1774,3.37ms
Decode,1775,3.21ms
Decode,1776,3.51ms
Decode,1777,3.69ms
Decode,1778,3.48ms
Decode,1779,3.57ms
Decode,1780,3.77ms
Decode,1781,3.43ms
Decode,1782,3.40ms
Decode,1783,3.63ms
Decode,1784,3.45ms
Decode,1785,3.67ms
Decode,1786,3.53ms
Decode,1787,3.48ms
Decode,1788,3.69ms
Decode,1789,3.27ms
Decode,1790,3.90ms
Decode,1791,3.39ms
Decode,1792,3.28ms
Decode,1793,3.29ms
Decode,1794,3.21ms
Decode,1795,3.78ms
Decode,1796,3.32ms
Decode,1797,3.48ms
Decode,1798,3.53ms
Decode,1799,3.39ms
Decode,1800,3.85ms
Decode,1801,3.44ms
Decode,1802,3.44ms
Decode,1803,3.22ms
Decode,1804,3.56ms
Decode,1805,3.34ms
Decode,1806,3.15ms
Decode,1807,3.65ms
Decode,1808,3.60ms
Decode,1809,3.76ms
Decode,1810,3.63ms
Decode,1811,3.35ms
Decode,1812,3.30ms
Decode,1813,3.44ms
Decode,1814,3.14ms
Decode,1815,3.55ms
Decode,1816,3.45ms
Decode,1817,3.58ms
Decode,1818,3.78ms
Decode,1819,3.29ms
Decode,1820,3.42ms
Decode,1821,3.53ms
Decode,1822,3.11ms
Decode,1823,3.73ms
Decode,1824,3.33ms
Decode,1825,3.36ms
Decode,1826,3.14ms
Decode,1827,3.54ms
Decode,1828,3.51ms
Decode,1829,3.61ms
Decode,1830,3.29ms
Decode,1831,3.31ms
Decode,1832,3.71ms
Decode,1833,3.50ms
Decode,1834,3.58ms
Decode,1835,3.39ms
Decode,1836,3.58ms
Decode,1837,3.75ms
Decode,1838,3.34ms
Decode,1839,3.54ms
Decode,1840,3.34ms
Decode,1841,3.15ms
Decode,1842,3.44ms
Decode,1843,3.13ms
Decode,1844,3.51ms
Decode,1845,3.31ms
Decode,1846,3.54ms
Decode,1847,3.58ms
Decode,1848,3.36ms
Decode,1849,3.09ms
Decode,1850,3.45ms
Decode,1851,3.16ms
Decode,1852,3.80ms
Decode,1853,3.50ms
Decode,1854,3.61ms
Decode,1855,3.62ms
Decode,1856,3.43ms
Decode,1857,3.23ms
Decode,1858,3.44ms
Decode,1859,3.36ms
Decode,1860,3.31ms
Decode,1861,3.57ms
Decode,1862,3.38ms
Decode,1863,3.56ms
Decode,1864,3.89ms
Decode,1865,3.52ms
Decode,1866,3.73ms
Decode,1867,3.37ms
Decode,1868,3.63ms
Decode,1869,3.50ms
Decode,1870,3.66ms
Decode,1871,3.35ms
Decode,1872,3.13ms
Decode,1873,3.73ms
Decode,1874,3.56ms
Decode,1875,3.49ms
Decode,1876,3.75ms
Decode,1877,3.47ms
Decode,1878,3.65ms
Decode,1879,3.38ms
Decode,1880,3.51ms
Decode,1881,3.61ms
Decode,1882,3.83ms
Decode,1883,3.67ms
Decode,1884,3.75ms
Decode,1885,3.39ms
Decode,1886,3.12ms
Decode,1887,3.24ms
Decode,1888,3.15ms
Decode,1889,3.50ms
Decode,1890,3.14ms
Decode,1891,3.71ms
Decode,1892,3.44ms
Decode,1893,3.41ms
Decode,1894,3.50ms
Decode,1895,32.50ms
Decode,1896,4.11ms
Decode,1897,4.20ms
Decode,1898,3.48ms
Decode,1899,3.65ms
Decode,1900,3.40ms
Decode,1901,3.37ms
Decode,1902,3.34ms
Decode,1903,3.18ms
Decode,1904,3.50ms
Decode,1905,3.21ms
Decode,1906,3.44ms
Decode,1907,3.34ms
Decode,1908,3.46ms
Decode,1909,3.50ms
Decode,1910,3.46ms
Decode,1911,3.27ms
Decode,1912,3.11ms
Decode,1913,3.52ms
Decode,1914,3.18ms
Decode,1915,3.43ms
Decode,1916,3.60ms
Decode,1917,3.31ms
Decode,1918,3.60ms
Decode,1919,3.23ms
Decode,1920,3.50ms
Decode,1921,3.55ms
Decode,1922,3.24ms
Decode,1923,3.66ms
Decode,1924,3.22ms
Decode,1925,3.62ms
Decode,1926,3.31ms
Decode,1927,3.35ms
Decode,1928,3.64ms
Decode,1929,3.30ms
Decode,1930,3.40ms
Decode,1931,3.51ms
Decode,1932,3.40ms
Decode,1933,3.39ms
Decode,1934,3.55ms
Decode,1935,3.61ms
Decode,1936,3.22ms
Decode,1937,3.77ms
Decode,1938,3.61ms
Decode,1939,3.51ms
Decode,1940,3.54ms
Decode,1941,3.44ms
Decode,1942,3.43ms
Decode,1943,3.42ms
Decode,1944,3.48ms
Decode,1945,3.59ms
Decode,1946,3.31ms
Decode,1947,3.20ms
Decode,1948,3.29ms
Decode,1949,3.17ms
Decode,1950,3.57ms
Decode,1951,3.68ms
Decode,1952,3.50ms
Decode,1953,3.60ms
Decode,1954,3.75ms
Decode,1955,3.64ms
Decode,1956,3.44ms
Decode,1957,3.23ms
Decode,1958,3.94ms
Decode,1959,3.47ms
Decode,1960,3.71ms
Decode,1961,3.37ms
Decode,1962,3.30ms
Decode,1963,3.42ms
Decode,1964,3.66ms
Decode,1965,3.40ms
Decode,1966,3.92ms
Decode,1967,3.39ms
Decode,1968,3.26ms
Decode,1969,3.48ms
Decode,1970,3.42ms
Decode,1971,3.67ms
Decode,1972,3.92ms
Decode,1973,3.40ms
Decode,1974,3.46ms
Decode,1975,3.38ms
Decode,1976,3.11ms
Decode,1977,3.49ms
Decode,1978,3.38ms
Decode,1979,3.36ms
Decode,1980,3.41ms
Decode,1981,3.68ms
Decode,1982,3.63ms
Decode,1983,3.51ms
Decode,1984,3.64ms
Decode,1985,3.48ms
Decode,1986,3.20ms
Decode,1987,3.46ms
Decode,1988,3.42ms
Decode,1989,3.35ms
Decode,1990,3.53ms
Decode,1991,3.58ms
Decode,1992,3.44ms
Decode,1993,3.48ms
Decode,1994,3.84ms
Decode,1995,3.38ms
Decode,1996,3.34ms
Decode,1997,3.54ms
Decode,1998,3.67ms
Decode,1999,3.52ms
